state	custCount	averageRevPerCustomer	totalRev	payments
String	Integer	Float	Float	Integer
ca	11	3621.2611865864	8423053.52	32
ct	3	3791.609787234	534616.98	7
ma	9	3485.8766596194	1648819.66	21
nh	1	3873.0970588235	395055.9	3
nj	1	3963.2471428571	166456.38	2
nv	1	2853.4855172414	248253.24	3
ny	6	3667.4567058824	2182136.74	18
pa	3	3643.5647398844	630336.7	7
